{
  "loss": 0.30629006028175354,
  "val_loss": 0.2379942685365677,
  "epoch": 199,
  "global_step": 200
}